latitude,longitude,init_date,valid_date,lead_day,ens_n,t2m_C,t2m_C_max,t2m_C_min,rh_pct,wind_mps,tp_mm_mean
23.0,120.0,2024-04-01,2024-04-01,0,51,24.833195,26.338217,23.534853,85.19261,2.0968137,0.0
24.0,121.0,2024-04-01,2024-04-01,0,51,21.634626,22.904585,20.636215,87.921776,1.29418,0.0
23.0,121.0,2024-04-01,2024-04-01,0,51,22.674269,24.977978,20.718622,84.328026,1.1600343,0.0
24.0,120.0,2024-04-01,2024-04-01,0,51,23.783052,24.285543,23.408936,88.82188,1.9328843,0.0
23.0,121.0,2024-04-01,2024-04-02,1,51,23.880903,27.122341,21.970018,85.01033,3.4076881,0.36924466
23.0,120.0,2024-04-01,2024-04-02,1,51,25.578331,27.49906,24.50211,86.39265,5.108135,0.44604832
24.0,120.0,2024-04-01,2024-04-02,1,51,25.263351,26.71673,24.497393,85.87042,6.815725,0.2404129
24.0,121.0,2024-04-01,2024-04-02,1,51,23.571337,26.340448,22.112139,84.44562,5.166551,0.16378088
23.0,121.0,2024-04-01,2024-04-03,2,51,24.43276,27.86363,21.684006,79.87813,2.7721837,0.084792234
24.0,120.0,2024-04-01,2024-04-03,2,51,25.324917,26.894886,24.090202,84.61252,6.3924613,0.1585731
23.0,120.0,2024-04-01,2024-04-03,2,51,25.598833,27.491842,24.075258,86.09896,3.6710615,0.17078419
24.0,121.0,2024-04-01,2024-04-03,2,51,24.162006,27.263727,21.707174,78.37044,5.322097,0.07310561
24.0,120.0,2024-04-01,2024-04-04,3,51,24.432796,26.190636,22.75613,86.64641,3.5770757,0.942527
23.0,121.0,2024-04-01,2024-04-04,3,51,23.784754,26.835503,21.239561,80.75457,1.1656474,1.3771303
24.0,121.0,2024-04-01,2024-04-04,3,51,22.934645,25.438896,20.660553,83.3301,2.2100534,2.024095
23.0,120.0,2024-04-01,2024-04-04,3,51,25.287413,27.610811,23.34291,83.94073,2.5372598,0.29193977
24.0,121.0,2024-04-01,2024-04-05,4,51,22.109589,24.374146,20.680445,84.262146,2.457239,1.8268411
23.0,121.0,2024-04-01,2024-04-05,4,51,23.503332,26.650572,21.597315,81.7051,1.6169497,1.8745154
24.0,120.0,2024-04-01,2024-04-05,4,51,23.28189,24.606052,22.422186,84.93934,4.6773767,0.29787922
23.0,120.0,2024-04-01,2024-04-05,4,51,24.678501,26.881693,23.375721,82.23435,3.1461525,0.34000298
23.0,120.0,2024-04-01,2024-04-06,5,51,25.25836,27.09702,24.182533,83.45692,2.9313018,2.7026172
24.0,120.0,2024-04-01,2024-04-06,5,51,24.017561,25.0802,23.2451,85.84383,3.1518657,5.531615
23.0,121.0,2024-04-01,2024-04-06,5,51,23.875881,26.681849,21.990387,82.60345,2.4440393,2.0886827
24.0,121.0,2024-04-01,2024-04-06,5,51,22.63961,24.649029,21.350714,84.89093,1.7433026,4.918292
24.0,120.0,2024-04-01,2024-04-07,6,51,24.280584,25.58018,23.225748,87.87665,4.054504,7.112042
23.0,121.0,2024-04-01,2024-04-07,6,51,23.954466,26.501917,22.043653,83.95947,2.3657286,4.2153163
24.0,121.0,2024-04-01,2024-04-07,6,51,22.754438,24.796108,21.190746,86.23418,2.9158974,8.783087
23.0,120.0,2024-04-01,2024-04-07,6,51,25.485607,27.25382,24.134712,85.517944,3.265907,2.5377471
23.0,120.0,2024-04-01,2024-04-08,7,51,24.506159,26.216045,22.948448,83.64231,4.506022,2.757365
24.0,120.0,2024-04-01,2024-04-08,7,51,22.941639,24.10566,21.799492,85.69577,6.784905,5.1015463
23.0,121.0,2024-04-01,2024-04-08,7,51,23.348734,25.614317,21.474293,83.24452,2.3007405,5.6503615
24.0,121.0,2024-04-01,2024-04-08,7,51,21.786995,23.39545,20.358519,85.224144,4.369279,7.985558
24.0,120.0,2024-04-01,2024-04-09,8,51,22.083986,22.798443,21.509886,80.734184,8.615902,1.9414369
23.0,120.0,2024-04-01,2024-04-09,8,51,23.419807,24.574478,22.524754,80.397995,5.9065723,2.0975823
24.0,121.0,2024-04-01,2024-04-09,8,51,20.905087,22.152624,19.974056,82.47378,5.4030266,5.397513
23.0,121.0,2024-04-01,2024-04-09,8,51,22.23896,23.95427,20.896137,82.17111,2.7332785,5.5656567
24.0,121.0,2024-04-01,2024-04-10,9,51,20.958336,22.302113,20.125172,80.97998,4.1800137,3.5465076
23.0,120.0,2024-04-01,2024-04-10,9,51,23.349411,24.365522,22.692638,78.3693,4.7886615,1.3706197
23.0,121.0,2024-04-01,2024-04-10,9,51,21.926947,23.559395,20.882242,80.55728,2.1823292,4.13879
24.0,120.0,2024-04-01,2024-04-10,9,51,22.37771,23.123077,21.865881,78.80004,6.8713527,0.78854656
24.0,120.0,2024-04-01,2024-04-11,10,51,22.8976,23.966476,22.13646,80.184135,4.5198884,1.1213416
23.0,121.0,2024-04-01,2024-04-11,10,51,22.12961,24.052755,20.920036,79.579636,1.7917258,2.5763264
23.0,120.0,2024-04-01,2024-04-11,10,51,23.72753,25.04345,22.894363,78.29141,3.3807428,1.0215474
24.0,121.0,2024-04-01,2024-04-11,10,51,21.304657,22.976923,20.192862,81.50144,2.687982,2.6702392
24.0,121.0,2024-04-01,2024-04-12,11,51,21.871807,23.886889,20.551567,81.67427,1.8091655,1.407419
23.0,121.0,2024-04-01,2024-04-12,11,51,22.772327,25.170845,21.272284,79.295746,1.646758,1.5669352
24.0,120.0,2024-04-01,2024-04-12,11,51,23.583956,24.823242,22.662956,80.68453,2.5590713,0.2168769
23.0,120.0,2024-04-01,2024-04-12,11,51,24.490574,26.110334,23.450722,78.323456,2.1342945,0.3708123
24.0,120.0,2024-04-01,2024-04-13,12,51,24.379251,25.711437,23.483969,82.442055,3.1955054,0.5066006
23.0,121.0,2024-04-01,2024-04-13,12,51,23.480467,26.158031,21.782705,80.45095,2.0113049,1.390334
24.0,121.0,2024-04-01,2024-04-13,12,51,22.654022,24.860437,21.248594,82.634796,2.445922,1.4916624
23.0,120.0,2024-04-01,2024-04-13,12,51,25.211939,27.01168,24.069817,80.2541,2.5680857,0.40119153
23.0,120.0,2024-04-01,2024-04-14,13,51,25.592218,27.511694,24.279749,81.85189,2.8246086,0.49145532
24.0,121.0,2024-04-01,2024-04-14,13,51,23.168756,25.539164,21.47508,82.85899,2.899682,1.5133917
24.0,120.0,2024-04-01,2024-04-14,13,51,24.833048,26.282846,23.771576,83.68845,3.7251568,0.5192331
23.0,121.0,2024-04-01,2024-04-14,13,51,23.9218,26.76483,21.93626,81.07451,2.1452835,1.4894565
24.0,120.0,2024-04-01,2024-04-15,14,51,24.907415,26.35314,23.850586,83.3209,3.8676214,0.6940071
24.0,121.0,2024-04-01,2024-04-15,14,51,23.257446,25.595741,21.530125,82.454506,2.8047895,2.0329335
23.0,120.0,2024-04-01,2024-04-15,14,51,25.692522,27.557968,24.383678,81.861824,2.8536549,0.58329165
23.0,121.0,2024-04-01,2024-04-15,14,51,24.036552,26.812363,22.023045,81.02916,2.0161695,1.9276407
23.0,120.0,2024-04-01,2024-04-16,15,51,25.698948,27.442617,24.476027,81.08822,3.213872,0.5881548
23.0,121.0,2024-04-01,2024-04-16,15,51,23.956488,26.517725,22.132778,80.82162,2.091279,1.868715
24.0,120.0,2024-04-01,2024-04-16,15,51,24.926851,26.241137,23.949713,82.646385,4.3089447,1.0960795
24.0,121.0,2024-04-01,2024-04-16,15,51,23.191128,25.298546,21.642242,82.35227,2.9278607,2.3720586
24.0,120.0,2024-04-01,2024-04-17,16,51,24.882818,26.171886,23.93623,82.68164,4.319463,4.3868675
23.0,120.0,2024-04-01,2024-04-17,16,51,25.773468,27.476364,24.548735,80.63128,3.2130713,2.956842
24.0,121.0,2024-04-01,2024-04-17,16,51,23.111692,25.235294,21.58723,82.42499,3.004633,5.159452
23.0,121.0,2024-04-01,2024-04-17,16,51,23.995611,26.563713,22.144482,80.41335,2.1214762,3.7318752
24.0,121.0,2024-04-01,2024-04-18,17,51,23.273363,25.381487,21.7427,81.91856,3.1426976,4.5193567
23.0,120.0,2024-04-01,2024-04-18,17,51,25.816967,27.481316,24.674025,81.03102,3.2787862,2.6500618
24.0,120.0,2024-04-01,2024-04-18,17,51,24.993885,26.232996,24.050877,82.64154,4.540918,3.578193
23.0,121.0,2024-04-01,2024-04-18,17,51,24.08987,26.64542,22.295391,80.3558,2.1373425,3.5929089
24.0,120.0,2024-04-01,2024-04-19,18,51,25.148909,26.401432,24.182074,82.04482,4.776605,3.7233942
24.0,121.0,2024-04-01,2024-04-19,18,51,23.41169,25.562494,21.775589,81.23875,3.22351,4.4930377
23.0,121.0,2024-04-01,2024-04-19,18,51,24.200245,26.797798,22.226612,79.87959,2.245649,3.497102
23.0,120.0,2024-04-01,2024-04-19,18,51,25.944057,27.60149,24.696188,80.6303,3.54583,2.729955
24.0,121.0,2024-04-01,2024-04-20,19,51,23.47316,25.520151,21.967718,82.007065,3.2825682,6.1797323
23.0,120.0,2024-04-01,2024-04-20,19,51,25.974174,27.585827,24.7734,80.90531,3.3872266,2.8131514
23.0,121.0,2024-04-01,2024-04-20,19,51,24.238907,26.750872,22.37086,80.19877,2.1456387,3.9211516
24.0,120.0,2024-04-01,2024-04-20,19,51,25.201725,26.395304,24.3165,82.78554,4.72877,5.0755095
23.0,120.0,2024-04-01,2024-04-21,20,51,25.993172,27.615118,24.81054,81.25754,3.4447823,4.4027576
23.0,121.0,2024-04-01,2024-04-21,20,51,24.269136,26.731369,22.400894,80.83131,2.191583,4.47018
24.0,120.0,2024-04-01,2024-04-21,20,51,25.114689,26.307243,24.189615,83.330894,4.7267756,5.843844
24.0,121.0,2024-04-01,2024-04-21,20,51,23.397243,25.39127,21.895376,82.831024,3.1777377,5.915333
23.0,121.0,2024-04-01,2024-04-22,21,51,24.207222,26.471485,22.46979,80.94073,2.1531126,3.686729
24.0,120.0,2024-04-01,2024-04-22,21,51,25.122427,26.299559,24.25261,81.96871,4.9874163,3.2248323
23.0,120.0,2024-04-01,2024-04-22,21,51,25.937769,27.455902,24.795357,80.65947,3.5427136,1.7236185
24.0,121.0,2024-04-01,2024-04-22,21,51,23.398289,25.308605,21.963404,82.22348,3.4365988,5.1819406
24.0,120.0,2024-04-01,2024-04-23,22,51,25.238152,26.374052,24.349062,81.913155,4.6743903,5.4908485
23.0,121.0,2024-04-01,2024-04-23,22,51,24.213182,26.474262,22.557037,80.44485,2.2097936,4.7704663
24.0,121.0,2024-04-01,2024-04-23,22,51,23.435644,25.28267,22.069513,82.15742,3.024115,6.759159
23.0,120.0,2024-04-01,2024-04-23,22,51,26.022398,27.543667,24.886557,80.174904,3.567434,3.5019681
23.0,121.0,2024-04-01,2024-04-24,23,51,24.142422,26.36781,22.395638,81.47036,2.1570919,5.4738293
23.0,120.0,2024-04-01,2024-04-24,23,51,25.975193,27.500635,24.805336,81.27292,3.2630847,4.1057825
24.0,120.0,2024-04-01,2024-04-24,23,51,25.186743,26.266434,24.244347,83.11287,4.2028766,5.932733
24.0,121.0,2024-04-01,2024-04-24,23,51,23.360682,25.13159,21.896477,83.27821,2.8812325,7.3011904
23.0,120.0,2024-04-01,2024-04-25,24,51,25.989874,27.427902,24.895012,80.811035,3.2339761,4.189719
24.0,121.0,2024-04-01,2024-04-25,24,51,23.330076,24.975878,22.09221,83.01824,2.8281283,5.578637
23.0,121.0,2024-04-01,2024-04-25,24,51,24.071438,26.15462,22.508745,81.75718,2.0279179,4.5625024
24.0,120.0,2024-04-01,2024-04-25,24,51,25.241194,26.25612,24.396757,82.111664,4.154053,5.2049556
24.0,121.0,2024-04-01,2024-04-26,25,51,23.54511,25.409622,22.139824,82.64225,2.9893966,6.104762
24.0,120.0,2024-04-01,2024-04-26,25,51,25.463736,26.556118,24.556894,82.042625,4.347198,5.9322033
23.0,120.0,2024-04-01,2024-04-26,25,51,26.173717,27.690971,25.040855,80.47161,3.4224157,4.244615
23.0,121.0,2024-04-01,2024-04-26,25,51,24.248133,26.588846,22.5775,81.09604,2.252632,4.41292
23.0,120.0,2024-04-01,2024-04-27,26,51,26.18124,27.718676,25.045673,81.078514,3.6090684,5.5439672
23.0,121.0,2024-04-01,2024-04-27,26,51,24.332582,26.638638,22.598719,81.390366,2.310867,5.953571
24.0,121.0,2024-04-01,2024-04-27,26,51,23.627176,25.531399,22.195028,82.5213,3.2798853,6.983885
24.0,120.0,2024-04-01,2024-04-27,26,51,25.469069,26.609045,24.591528,82.259056,4.849954,6.573062
23.0,121.0,2024-04-01,2024-04-28,27,51,24.320152,26.556507,22.6619,81.358894,2.0441017,4.8294506
23.0,120.0,2024-04-01,2024-04-28,27,51,26.228228,27.71415,25.145853,80.87156,3.3836834,3.517233
24.0,120.0,2024-04-01,2024-04-28,27,51,25.588257,26.630325,24.727161,82.200836,4.540133,3.6981146
24.0,121.0,2024-04-01,2024-04-28,27,51,23.687416,25.46672,22.301588,82.66088,3.0134668,5.010625
24.0,120.0,2024-04-01,2024-04-29,28,51,25.955305,27.08143,25.019915,82.68888,4.2900577,5.093952
23.0,121.0,2024-04-01,2024-04-29,28,51,24.580482,26.727407,22.969482,81.54221,2.1326778,4.204256
24.0,121.0,2024-04-01,2024-04-29,28,51,24.007326,25.84372,22.617056,82.99903,2.8649619,5.512202
23.0,120.0,2024-04-01,2024-04-29,28,51,26.535898,27.961292,25.429682,81.21777,3.4102283,3.7885
23.0,121.0,2024-04-01,2024-04-30,29,51,24.720976,26.899164,22.975735,82.6217,2.2814035,4.588849
24.0,120.0,2024-04-01,2024-04-30,29,51,25.913248,26.981134,25.00493,84.21918,4.6775727,7.4935813
23.0,120.0,2024-04-01,2024-04-30,29,51,26.558113,28.007286,25.394077,82.69203,3.5459714,4.91084
24.0,121.0,2024-04-01,2024-04-30,29,51,24.083046,25.833818,22.628843,84.12989,3.2472136,7.1783404
24.0,120.0,2024-04-01,2024-05-01,30,51,25.97394,27.019041,25.14198,83.72547,4.9346886,8.438002
23.0,121.0,2024-04-01,2024-05-01,30,51,24.6995,26.83184,23.031673,82.637596,2.3330903,6.2450466
24.0,121.0,2024-04-01,2024-05-01,30,51,24.135937,25.93185,22.760395,83.59549,3.5544999,7.7016535
23.0,120.0,2024-04-01,2024-05-01,30,51,26.544266,27.922737,25.47378,82.73324,3.64443,6.9915214
23.0,120.0,2024-04-01,2024-05-02,31,51,26.501484,27.91766,25.392056,82.91379,3.4508862,7.4497886
24.0,121.0,2024-04-01,2024-05-02,31,51,24.10351,25.866684,22.63152,83.801796,3.2044287,9.398916
24.0,120.0,2024-04-01,2024-05-02,31,51,25.88519,26.957851,24.946577,84.151825,4.6546006,9.129013
23.0,121.0,2024-04-01,2024-05-02,31,51,24.71316,26.843029,23.037268,82.58959,2.208948,7.715429
23.0,121.0,2024-04-01,2024-05-03,32,51,24.754282,26.793571,23.16195,82.776566,2.2310157,5.023882
24.0,120.0,2024-04-01,2024-05-03,32,51,25.793991,26.79607,24.955715,84.57953,4.551632,6.835287
24.0,121.0,2024-04-01,2024-05-03,32,51,24.050879,25.71276,22.717295,84.32408,3.0913124,6.6440806
23.0,120.0,2024-04-01,2024-05-03,32,51,26.503672,27.848442,25.458395,83.00151,3.456921,5.2218065
23.0,121.0,2024-04-01,2024-05-04,33,51,24.818598,26.92861,23.188892,82.79631,2.21322,5.8337965
24.0,121.0,2024-04-01,2024-05-04,33,51,24.107363,25.869085,22.729372,84.29377,3.2917194,7.679851
23.0,120.0,2024-04-01,2024-05-04,33,51,26.600725,27.972843,25.507814,82.70047,3.4730194,5.3158054
24.0,120.0,2024-04-01,2024-05-04,33,51,25.883036,26.947174,24.980526,84.2199,4.7278247,7.1592298
23.0,121.0,2024-04-01,2024-05-05,34,51,24.860006,26.947123,23.20188,82.31566,2.257386,5.5567207
24.0,120.0,2024-04-01,2024-05-05,34,51,26.025663,27.091156,25.157896,83.59732,4.706014,5.5893717
23.0,120.0,2024-04-01,2024-05-05,34,51,26.614336,28.022997,25.491877,82.51611,3.4031527,4.64594
24.0,121.0,2024-04-01,2024-05-05,34,51,24.277813,26.001411,22.94644,83.368324,3.3760424,6.503719
24.0,120.0,2024-04-01,2024-05-06,35,51,26.113037,27.139595,25.258047,83.74458,4.5811486,8.509872
23.0,121.0,2024-04-01,2024-05-06,35,51,24.996758,27.121227,23.35071,81.85969,2.2227104,5.822904
24.0,121.0,2024-04-01,2024-05-06,35,51,24.398218,26.121778,22.995186,83.44547,3.1865177,7.8203735
23.0,120.0,2024-04-01,2024-05-06,35,51,26.717936,28.085255,25.678202,82.140114,3.45157,6.520012
23.0,121.0,2024-04-01,2024-05-07,36,51,24.933838,27.0257,23.29529,82.646645,2.238132,7.5594287
24.0,121.0,2024-04-01,2024-05-07,36,51,24.290552,25.937735,22.949682,84.12321,3.1934192,8.571828
23.0,120.0,2024-04-01,2024-05-07,36,51,26.703785,28.09962,25.626852,82.59902,3.524109,7.735792
24.0,120.0,2024-04-01,2024-05-07,36,51,26.053928,27.04523,25.221382,84.10749,4.621615,8.739496
23.0,121.0,2024-04-01,2024-05-08,37,51,24.964855,26.963942,23.384117,82.676445,2.2825463,7.0669055
23.0,120.0,2024-04-01,2024-05-08,37,51,26.728456,28.037344,25.705992,82.789696,3.583206,6.9021635
24.0,120.0,2024-04-01,2024-05-08,37,51,26.134378,27.169903,25.25629,83.92345,4.7982893,8.737165
24.0,121.0,2024-04-01,2024-05-08,37,51,24.37727,26.074724,22.970411,83.77495,3.3924804,8.907974
23.0,120.0,2024-04-01,2024-05-09,38,51,26.767664,28.035597,25.778515,82.80078,3.385668,5.485958
23.0,121.0,2024-04-01,2024-05-09,38,51,25.054085,27.068846,23.492262,83.147125,2.0639822,6.39339
24.0,121.0,2024-04-01,2024-05-09,38,51,24.371204,26.033195,23.052471,84.39529,3.287821,7.2162447
24.0,120.0,2024-04-01,2024-05-09,38,51,26.078594,27.044525,25.20964,84.079926,4.7088137,6.3068023
23.0,121.0,2024-04-01,2024-05-10,39,51,25.111826,27.04092,23.58311,82.96187,1.95513,5.7896595
24.0,120.0,2024-04-01,2024-05-10,39,51,26.341171,27.380247,25.507763,83.71517,4.0922303,5.1546416
23.0,120.0,2024-04-01,2024-05-10,39,51,26.886852,28.163225,25.917797,82.592926,3.0289414,4.2003803
24.0,121.0,2024-04-01,2024-05-10,39,51,24.57263,26.259514,23.229904,84.06498,2.8999262,6.7466516
24.0,120.0,2024-04-01,2024-05-11,40,51,26.410913,27.4838,25.582579,83.968636,4.0788326,4.6667614
23.0,121.0,2024-04-01,2024-05-11,40,51,25.290268,27.354975,23.721401,82.70578,1.8646615,4.9687214
24.0,121.0,2024-04-01,2024-05-11,40,51,24.652573,26.3809,23.346186,84.13203,2.7955482,6.2608557
23.0,120.0,2024-04-01,2024-05-11,40,51,27.055094,28.4418,26.045813,82.51725,2.9661596,3.3740845
23.0,121.0,2024-04-01,2024-05-12,41,51,25.291412,27.266478,23.749905,83.06249,1.9575012,6.614108
23.0,120.0,2024-04-01,2024-05-12,41,51,27.141779,28.48519,26.160873,82.546814,3.1407537,4.6364408
24.0,120.0,2024-04-01,2024-05-12,41,51,26.517296,27.521053,25.72347,84.1402,4.1180453,4.6847525
24.0,121.0,2024-04-01,2024-05-12,41,51,24.673876,26.274927,23.356894,84.63006,2.761652,6.6624293
24.0,120.0,2024-04-01,2024-05-13,42,51,26.729935,27.73109,25.89376,84.63787,4.1870527,4.8402023
23.0,121.0,2024-04-01,2024-05-13,42,51,25.419115,27.349525,23.854946,83.309204,2.088294,5.714196
24.0,121.0,2024-04-01,2024-05-13,42,51,24.891275,26.532488,23.509415,84.76147,2.9889343,6.4926763
23.0,120.0,2024-04-01,2024-05-13,42,51,27.264753,28.518286,26.276295,83.160446,3.1515312,4.0581512
24.0,121.0,2024-04-01,2024-05-14,43,51,24.967817,26.67645,23.507214,84.47545,3.097299,8.645988
24.0,120.0,2024-04-01,2024-05-14,43,51,26.752213,27.826342,25.817244,84.84201,4.382019,7.355741
23.0,120.0,2024-04-01,2024-05-14,43,51,27.280544,28.583681,26.2192,83.644455,3.2551038,5.580327
23.0,121.0,2024-04-01,2024-05-14,43,51,25.489374,27.449875,23.875824,83.297325,2.0513768,6.8664136
23.0,120.0,2024-04-01,2024-05-15,44,51,27.057137,28.284859,26.085676,83.27013,3.162757,8.729176
24.0,121.0,2024-04-01,2024-05-15,44,51,24.76129,26.300135,23.487698,83.95805,3.0140262,9.099331
23.0,121.0,2024-04-01,2024-05-15,44,51,25.180304,26.952291,23.710394,83.39703,2.0296698,8.886887
24.0,120.0,2024-04-01,2024-05-15,44,51,26.63085,27.626444,25.822792,83.881134,4.2697372,8.92997
24.0,121.0,2024-04-01,2024-05-16,45,51,24.621307,26.114067,23.390718,84.86493,2.5529869,9.996769
23.0,120.0,2024-04-01,2024-05-16,45,51,27.076103,28.327349,26.164322,83.17,2.9896605,7.127472
24.0,120.0,2024-04-01,2024-05-16,45,51,26.485558,27.405384,25.760351,84.38765,3.7497091,8.711627
23.0,121.0,2024-04-01,2024-05-16,45,51,25.204655,27.012508,23.792187,83.68064,1.855652,8.407631
23.0,120.0,2024-04-01,2024-05-17,46,51,27.162731,28.34565,26.26738,83.64803,3.1555865,5.8926206
24.0,121.0,2024-04-01,2024-05-17,46,51,24.840837,26.356775,23.668402,84.871284,2.7947853,7.9452744
23.0,121.0,2024-04-01,2024-05-17,46,51,25.301386,27.073093,23.906624,84.091835,1.9387994,7.627355
24.0,120.0,2024-04-01,2024-05-17,46,51,26.694624,27.642065,25.951334,84.451546,4.2491364,6.2066135
24.0,121.0,2024-04-01,2024-05-18,47,51,24.962378,26.534592,23.705278,85.203156,2.7187476,8.621466
24.0,120.0,2024-04-01,2024-05-18,47,51,26.81886,27.810328,26.016142,84.99225,4.0594354,7.924965
23.0,120.0,2024-04-01,2024-05-18,47,51,27.318201,28.5496,26.374756,83.769714,3.0549018,7.4693437
23.0,121.0,2024-04-01,2024-05-18,47,51,25.454302,27.27797,24.03141,83.99873,1.8241166,8.158241
24.0,120.0,2024-04-01,2024-05-19,48,51,26.932972,27.902842,26.11576,84.869736,3.9165237,8.27424
23.0,121.0,2024-04-01,2024-05-19,48,51,25.572733,27.450663,24.080437,84.088554,1.7565362,7.8788743
24.0,121.0,2024-04-01,2024-05-19,48,51,25.033371,26.59757,23.758394,85.53191,2.5506794,7.9748216
23.0,120.0,2024-04-01,2024-05-19,48,51,27.47994,28.748875,26.49537,83.42286,3.0530632,8.18882
24.0,121.0,2024-04-01,2024-05-20,49,51,25.055437,26.50032,23.871693,86.00278,2.9425306,9.254442
23.0,120.0,2024-04-01,2024-05-20,49,51,27.391705,28.540697,26.500309,84.4701,3.5073304,9.306165
24.0,120.0,2024-04-01,2024-05-20,49,51,26.910961,27.807795,26.188898,85.65652,4.487824,8.176687
23.0,121.0,2024-04-01,2024-05-20,49,51,25.529016,27.217453,24.14704,84.82006,2.0367796,10.374216
23.0,120.0,2024-04-01,2024-05-21,50,51,27.414597,28.550013,26.46762,83.92236,3.2342284,8.706395
24.0,121.0,2024-04-01,2024-05-21,50,51,25.082573,26.634502,23.807936,85.68888,2.796051,7.8630395
23.0,121.0,2024-04-01,2024-05-21,50,51,25.58204,27.290648,24.213345,84.321465,2.029809,8.755752
24.0,120.0,2024-04-01,2024-05-21,50,51,26.907986,27.902073,26.032312,85.292435,4.1824203,7.8019776
24.0,121.0,2024-04-01,2024-05-22,51,51,24.900776,26.303696,23.71078,85.469864,2.761147,8.466614
24.0,120.0,2024-04-01,2024-05-22,51,51,26.74103,27.654694,25.98878,84.477516,4.2807236,7.8671
23.0,120.0,2024-04-01,2024-05-22,51,51,27.258093,28.404112,26.371027,83.28045,3.2363448,8.849218
23.0,121.0,2024-04-01,2024-05-22,51,51,25.410608,27.058107,24.03094,84.288605,1.8746578,9.441533
23.0,120.0,2024-04-01,2024-05-23,52,51,27.3166,28.447912,26.437048,83.38556,2.9547856,8.2267685
23.0,121.0,2024-04-01,2024-05-23,52,51,25.387928,27.022264,24.082006,84.34093,1.7013376,9.528794
24.0,121.0,2024-04-01,2024-05-23,52,51,24.971603,26.42092,23.80931,85.35175,2.4277594,8.758537
24.0,120.0,2024-04-01,2024-05-23,52,51,26.892788,27.814682,26.135384,84.40423,3.823272,7.453432
23.0,120.0,2024-04-01,2024-05-24,53,51,27.56522,28.71594,26.718319,83.345314,3.1540565,7.4465876
24.0,120.0,2024-04-01,2024-05-24,53,51,27.087402,28.07833,26.309498,84.42536,4.0420914,8.047198
24.0,121.0,2024-04-01,2024-05-24,53,51,25.240946,26.793695,24.07834,85.2345,2.5001261,9.776946
23.0,121.0,2024-04-01,2024-05-24,53,51,25.711626,27.420757,24.454678,84.15534,1.7530584,9.173882
23.0,121.0,2024-04-01,2024-05-25,54,51,25.637537,27.305569,24.27282,84.89694,1.9928738,9.393311
24.0,121.0,2024-04-01,2024-05-25,54,51,25.2127,26.67276,23.981794,85.29155,3.0085576,8.351163
23.0,120.0,2024-04-01,2024-05-25,54,51,27.499239,28.587795,26.649445,84.06829,3.3854241,8.724196
24.0,120.0,2024-04-01,2024-05-25,54,51,27.067127,27.964174,26.322544,84.489746,4.50092,7.6721826
24.0,120.0,2024-04-01,2024-05-26,55,51,27.05398,27.995367,26.233644,84.635765,4.54727,7.415601
23.0,121.0,2024-04-01,2024-05-26,55,51,25.562876,27.142033,24.285662,85.161255,1.8557152,8.855678
24.0,121.0,2024-04-01,2024-05-26,55,51,25.185526,26.642595,23.967474,85.52336,2.987949,8.987386
23.0,120.0,2024-04-01,2024-05-26,55,51,27.438383,28.492838,26.626734,84.234535,3.338819,7.284394
24.0,121.0,2024-04-01,2024-05-27,56,51,25.184994,26.6533,24.025877,85.79936,2.836683,9.272037
24.0,120.0,2024-04-01,2024-05-27,56,51,26.989689,27.906078,26.261454,84.55428,4.253885,6.048962
23.0,120.0,2024-04-01,2024-05-27,56,51,27.430777,28.526989,26.581959,83.8531,2.973572,5.771672
23.0,121.0,2024-04-01,2024-05-27,56,51,25.619581,27.279985,24.301647,85.11371,1.7131692,8.994555
23.0,121.0,2024-04-01,2024-05-28,57,51,25.341908,26.7257,24.147272,85.17372,1.9210036,11.341263
23.0,120.0,2024-04-01,2024-05-28,57,51,27.201555,28.120758,26.411274,83.68543,3.4309864,9.05412
24.0,120.0,2024-04-01,2024-05-28,57,51,26.767548,27.58316,26.034067,83.94392,4.599442,7.0580707
24.0,121.0,2024-04-01,2024-05-28,57,51,24.91483,26.170458,23.820837,85.40099,3.0007763,9.346422
24.0,121.0,2024-04-01,2024-05-29,58,51,24.956484,26.221876,23.924751,85.223976,2.822591,10.711235
24.0,120.0,2024-04-01,2024-05-29,58,51,26.8384,27.608192,26.18031,83.90145,4.502677,10.449966
23.0,120.0,2024-04-01,2024-05-29,58,51,27.180908,28.089893,26.442345,83.42931,3.4140635,11.427594
23.0,121.0,2024-04-01,2024-05-29,58,51,25.292143,26.705591,24.158699,84.77021,1.9005169,11.67241
23.0,121.0,2024-04-01,2024-05-30,59,51,25.474033,26.865131,24.395844,85.68972,2.0525544,12.847004
23.0,120.0,2024-04-01,2024-05-30,59,51,27.30417,28.221922,26.598204,84.64753,3.2318494,12.20939
24.0,120.0,2024-04-01,2024-05-30,59,51,26.999552,27.746063,26.361908,85.12094,4.1070766,10.406235
24.0,121.0,2024-04-01,2024-05-30,59,51,25.176136,26.376091,24.205044,86.15547,2.7754917,11.055997
24.0,121.0,2024-04-01,2024-05-31,60,51,25.414045,26.71649,24.363827,86.78533,2.6904192,14.555769
24.0,120.0,2024-04-01,2024-05-31,60,51,27.194897,28.015457,26.503668,85.75002,4.043276,12.079152
23.0,120.0,2024-04-01,2024-05-31,60,51,27.502956,28.481258,26.739325,85.30947,3.364146,15.823095
23.0,121.0,2024-04-01,2024-05-31,60,51,25.715607,27.169247,24.576128,86.35604,2.1032865,18.291754
23.0,121.0,2024-04-01,2024-06-01,61,51,25.722818,27.15166,24.504726,86.59256,2.0085251,15.354131
23.0,120.0,2024-04-01,2024-06-01,61,51,27.557846,28.459381,26.806934,85.53853,3.164086,12.466312
24.0,120.0,2024-04-01,2024-06-01,61,51,27.28283,28.082237,26.611599,85.68938,3.9602318,7.85483
24.0,121.0,2024-04-01,2024-06-01,61,51,25.454384,26.754097,24.322836,86.71969,2.6803577,10.742985
24.0,121.0,2024-04-01,2024-06-02,62,51,25.449917,26.748764,24.371237,86.38924,2.715918,12.555667
24.0,120.0,2024-04-01,2024-06-02,62,51,27.254692,28.12343,26.54691,85.56764,4.3052025,10.32776
23.0,120.0,2024-04-01,2024-06-02,62,51,27.496058,28.4586,26.695715,85.62661,3.3596168,12.455466
23.0,121.0,2024-04-01,2024-06-02,62,51,25.6847,27.097061,24.5243,86.47684,1.8726139,14.678066
23.0,121.0,2024-04-01,2024-06-03,63,51,25.56298,26.845057,24.50924,86.871895,2.0122244,17.899204
23.0,120.0,2024-04-01,2024-06-03,63,51,27.368809,28.218966,26.678452,85.88181,3.392163,15.79533
24.0,120.0,2024-04-01,2024-06-03,63,51,27.136042,27.936888,26.479973,85.997,4.2789683,14.126728
24.0,121.0,2024-04-01,2024-06-03,63,51,25.33683,26.547998,24.335081,86.96633,2.7455354,16.25172
24.0,121.0,2024-04-01,2024-06-04,64,51,25.258894,26.359198,24.37379,87.05968,2.894239,15.852759
24.0,120.0,2024-04-01,2024-06-04,64,51,27.08049,27.773315,26.503546,86.14039,4.638846,13.498321
23.0,120.0,2024-04-01,2024-06-04,64,51,27.313248,28.101715,26.665308,86.19767,3.6237562,16.28817
23.0,121.0,2024-04-01,2024-06-04,64,51,25.48493,26.695389,24.517159,87.142944,2.026816,18.639322
23.0,121.0,2024-04-01,2024-06-05,65,51,25.544117,26.76377,24.467695,86.943634,2.1634846,16.93879
23.0,120.0,2024-04-01,2024-06-05,65,51,27.342491,28.150515,26.698227,86.18109,3.7295868,15.475722
24.0,120.0,2024-04-01,2024-06-05,65,51,27.155218,27.84513,26.540577,86.122696,4.909451,12.295671
24.0,121.0,2024-04-01,2024-06-05,65,51,25.363316,26.474424,24.364414,86.85855,3.0410662,13.764169
24.0,121.0,2024-04-01,2024-06-06,66,51,25.43846,26.679482,24.434963,86.496155,2.8050513,13.924085
24.0,120.0,2024-04-01,2024-06-06,66,51,27.2466,28.043457,26.577738,85.896034,4.3682065,12.330894
23.0,120.0,2024-04-01,2024-06-06,66,51,27.445724,28.343092,26.771109,86.12268,3.4049456,15.451694
23.0,121.0,2024-04-01,2024-06-06,66,51,25.630934,26.972233,24.583052,86.7324,2.1975858,17.034258
23.0,121.0,2024-04-01,2024-06-07,67,51,25.714815,27.104385,24.641947,87.147415,2.019065,15.9407015
23.0,120.0,2024-04-01,2024-06-07,67,51,27.456615,28.356785,26.775616,86.24572,3.4938228,13.587854
24.0,120.0,2024-04-01,2024-06-07,67,51,27.156832,27.888285,26.54434,86.18406,4.6620607,12.159231
24.0,121.0,2024-04-01,2024-06-07,67,51,25.421436,26.643948,24.435509,87.05088,2.9453003,14.515292
24.0,121.0,2024-04-01,2024-06-08,68,51,25.548168,26.855684,24.53999,86.40404,3.1675649,11.122287
24.0,120.0,2024-04-01,2024-06-08,68,51,27.300291,28.098127,26.649132,85.68626,4.9295783,9.92844
23.0,120.0,2024-04-01,2024-06-08,68,51,27.535582,28.45134,26.798496,85.97117,3.6732526,11.088046
23.0,121.0,2024-04-01,2024-06-08,68,51,25.776993,27.216599,24.650862,86.7168,1.9745493,12.27795
23.0,121.0,2024-04-01,2024-06-09,69,51,25.857437,27.262016,24.721899,86.62789,2.0319915,12.402493
23.0,120.0,2024-04-01,2024-06-09,69,51,27.565037,28.433817,26.848595,86.254166,3.7076464,11.350669
24.0,120.0,2024-04-01,2024-06-09,69,51,27.393793,28.139332,26.775713,85.751015,5.077007,9.846379
24.0,121.0,2024-04-01,2024-06-09,69,51,25.692327,26.93662,24.66774,86.102516,3.2440777,10.91425
24.0,120.0,2024-04-01,2024-06-10,70,51,27.387365,28.121805,26.768412,86.51246,4.7525244,11.890982
24.0,121.0,2024-04-01,2024-06-10,70,51,25.641075,26.859919,24.648947,86.73305,3.2670848,11.692583
23.0,120.0,2024-04-01,2024-06-10,70,51,27.546284,28.387066,26.876934,86.68645,3.6793046,13.561386
23.0,121.0,2024-04-01,2024-06-10,70,51,25.793402,27.149424,24.717752,86.91414,2.2053843,13.345879
23.0,121.0,2024-04-01,2024-06-11,71,51,25.843365,27.13453,24.740091,87.21687,2.2109601,17.986965
23.0,120.0,2024-04-01,2024-06-11,71,51,27.589573,28.429155,26.915644,87.02679,3.7539215,17.08087
24.0,121.0,2024-04-01,2024-06-11,71,51,25.643557,26.827019,24.654417,87.43531,2.9959836,13.857018
24.0,120.0,2024-04-01,2024-06-11,71,51,27.383385,28.125229,26.80362,87.24683,4.679167,12.936306
24.0,120.0,2024-04-01,2024-06-12,72,51,27.556604,28.342049,26.94675,86.747925,4.97003,11.66063
24.0,121.0,2024-04-01,2024-06-12,72,51,25.860222,27.175201,24.776918,86.74692,3.2759538,12.323835
23.0,120.0,2024-04-01,2024-06-12,72,51,27.787363,28.742113,27.07249,86.666695,3.7434988,11.778222
23.0,121.0,2024-04-01,2024-06-12,72,51,26.084795,27.602884,24.83642,86.66888,2.131517,12.431049
23.0,121.0,2024-04-01,2024-06-13,73,51,26.16307,27.550959,24.923601,87.100334,2.2471251,14.610925
23.0,120.0,2024-04-01,2024-06-13,73,51,27.854671,28.714748,27.151592,86.94689,3.939497,13.58928
24.0,121.0,2024-04-01,2024-06-13,73,51,25.949924,27.203053,24.845535,87.05221,3.4854593,13.166684
24.0,120.0,2024-04-01,2024-06-13,73,51,27.63535,28.360312,27.014585,86.90658,5.310634,12.137243
24.0,120.0,2024-04-01,2024-06-14,74,51,27.667364,28.428337,27.074661,87.35874,4.978145,12.00707
24.0,121.0,2024-04-01,2024-06-14,74,51,25.973312,27.26565,24.900578,87.56735,3.1862335,12.6915455
23.0,120.0,2024-04-01,2024-06-14,74,51,27.854475,28.768124,27.177534,87.410545,3.8134975,14.649921
23.0,121.0,2024-04-01,2024-06-14,74,51,26.154285,27.59927,24.964676,87.624016,2.238866,15.322406
23.0,121.0,2024-04-01,2024-06-15,75,51,26.178787,27.550095,25.024754,87.61658,2.1117241,15.346097
23.0,120.0,2024-04-01,2024-06-15,75,51,27.924263,28.7945,27.249454,87.39706,3.6537018,13.623856
24.0,121.0,2024-04-01,2024-06-15,75,51,25.991827,27.271133,24.890469,87.84039,3.0678601,13.884155
24.0,120.0,2024-04-01,2024-06-15,75,51,27.731033,28.517296,27.063965,87.62098,4.8010955,12.152429
24.0,120.0,2024-04-01,2024-06-16,76,51,27.818623,28.584623,27.199837,87.55287,4.8885717,10.492273
24.0,121.0,2024-04-01,2024-06-16,76,51,26.107208,27.452738,24.987455,87.625946,3.1782846,11.941016
23.0,120.0,2024-04-01,2024-06-16,76,51,28.02327,28.939781,27.291908,87.26284,3.7353735,11.200005
23.0,121.0,2024-04-01,2024-06-16,76,51,26.30558,27.809727,25.026646,87.34866,2.2352173,12.641307
23.0,121.0,2024-04-01,2024-06-17,77,51,26.37303,27.913843,25.079441,86.83804,2.2769456,11.343774
23.0,120.0,2024-04-01,2024-06-17,77,51,28.087856,29.025562,27.334951,86.84562,3.9069176,10.540639
24.0,120.0,2024-04-01,2024-06-17,77,51,27.979317,28.782188,27.310366,86.90058,5.0751295,8.711279
24.0,121.0,2024-04-01,2024-06-17,77,51,26.270857,27.676441,25.075466,86.880745,3.3549278,9.525143
24.0,120.0,2024-04-01,2024-06-18,78,51,27.92675,28.71229,27.25261,87.095055,4.6422215,7.192096
24.0,121.0,2024-04-01,2024-06-18,78,51,26.259186,27.679102,25.05232,87.12052,3.0868025,8.282375
23.0,120.0,2024-04-01,2024-06-18,78,51,28.090906,29.00432,27.331034,86.64243,3.751363,8.641211
23.0,121.0,2024-04-01,2024-06-18,78,51,26.417463,27.979557,25.122686,86.67715,2.2234468,9.716154
23.0,121.0,2024-04-01,2024-06-19,79,51,26.44056,28.009516,25.116175,86.66454,2.1147153,8.48722
23.0,120.0,2024-04-01,2024-06-19,79,51,28.125864,29.093302,27.341026,86.41594,3.451554,6.797246
24.0,120.0,2024-04-01,2024-06-19,79,51,27.984829,28.798212,27.312294,86.80436,4.3448224,5.2707095
24.0,121.0,2024-04-01,2024-06-19,79,51,26.305738,27.728735,25.113115,87.03883,2.9307742,6.9659443
24.0,120.0,2024-04-01,2024-06-20,80,51,28.058994,28.89415,27.392952,86.8658,4.296385,5.6094923
24.0,121.0,2024-04-01,2024-06-20,80,51,26.3279,27.741653,25.16755,87.13476,2.8908994,6.3379555
23.0,120.0,2024-04-01,2024-06-20,80,51,28.162416,29.081709,27.409914,86.5069,3.6159213,8.304566
23.0,121.0,2024-04-01,2024-06-20,80,51,26.424917,27.93488,25.145317,86.781525,2.2803826,9.027096
23.0,121.0,2024-04-01,2024-06-21,81,51,26.46295,27.9603,25.189735,86.543846,2.3027074,8.702394
23.0,120.0,2024-04-01,2024-06-21,81,51,28.195286,29.095505,27.485878,86.450584,3.7197425,7.4730806
24.0,120.0,2024-04-01,2024-06-21,81,51,28.096392,28.909058,27.457457,86.67176,4.608527,5.7073593
24.0,121.0,2024-04-01,2024-06-21,81,51,26.370285,27.769484,25.177347,86.76259,3.1236196,6.942894
24.0,121.0,2024-04-01,2024-06-22,82,51,26.444674,27.881226,25.199966,86.29065,2.968227,7.472982
24.0,120.0,2024-04-01,2024-06-22,82,51,28.179943,29.018549,27.491428,86.24677,4.4295216,5.982978
23.0,120.0,2024-04-01,2024-06-22,82,51,28.301651,29.31271,27.533783,85.906105,3.572746,7.8517175
23.0,121.0,2024-04-01,2024-06-22,82,51,26.559896,28.172895,25.23626,85.9494,2.2152877,9.337146
23.0,121.0,2024-04-01,2024-06-23,83,51,26.593138,28.27688,25.241999,85.815994,2.3464878,10.350691
23.0,120.0,2024-04-01,2024-06-23,83,51,28.309004,29.301332,27.55993,85.938484,3.8176763,9.169656
24.0,120.0,2024-04-01,2024-06-23,83,51,28.196007,29.058264,27.525814,86.2735,4.799501,6.573491
24.0,121.0,2024-04-01,2024-06-23,83,51,26.486292,28.02814,25.24523,86.14381,3.2097723,7.758711
24.0,120.0,2024-04-01,2024-06-24,84,51,28.25376,29.130426,27.606567,86.1963,4.9275346,4.225691
24.0,121.0,2024-04-01,2024-06-24,84,51,26.502441,28.046583,25.313116,86.00706,3.2508488,4.9234447
23.0,120.0,2024-04-01,2024-06-24,84,51,28.339964,29.329653,27.604082,85.92822,3.982955,8.153737
23.0,121.0,2024-04-01,2024-06-24,84,51,26.582132,28.242552,25.298998,85.74109,2.403422,8.846931
23.0,121.0,2024-04-01,2024-06-25,85,51,26.576727,28.194872,25.26005,86.30573,2.2830932,6.8787847
24.0,121.0,2024-04-01,2024-06-25,85,51,26.52614,27.95953,25.323673,86.26603,3.150644,5.092161
23.0,120.0,2024-04-01,2024-06-25,85,51,28.295498,29.274357,27.546648,86.3206,3.8006003,7.0112367
24.0,120.0,2024-04-01,2024-06-25,85,51,28.238848,29.042007,27.588076,86.290726,4.7940583,5.213057
24.0,121.0,2024-04-01,2024-06-26,86,51,26.529444,28.02854,25.236063,86.632835,3.0572295,6.1054964
24.0,120.0,2024-04-01,2024-06-26,86,51,28.208502,29.046133,27.529924,86.39924,4.508632,4.712147
23.0,120.0,2024-04-01,2024-06-26,86,51,28.3447,29.370222,27.571308,86.09333,3.4816308,5.489157
23.0,121.0,2024-04-01,2024-06-26,86,51,26.659838,28.350382,25.26652,86.33234,2.0388546,6.878136
23.0,121.0,2024-04-01,2024-06-27,87,51,26.633091,28.286106,25.224476,86.33711,1.9312011,8.460302
24.0,121.0,2024-04-01,2024-06-27,87,51,26.564238,28.04104,25.279228,86.39297,2.9355385,6.9050465
24.0,120.0,2024-04-01,2024-06-27,87,51,28.3065,29.122494,27.627834,86.18205,4.4151387,5.604086
23.0,120.0,2024-04-01,2024-06-27,87,51,28.381369,29.371185,27.602419,86.12168,3.3907588,7.1678987
23.0,120.0,2024-04-01,2024-06-28,88,51,28.39418,29.3259,27.661385,86.25391,3.4339657,7.9684143
23.0,121.0,2024-04-01,2024-06-28,88,51,26.662033,28.25988,25.311445,86.33358,2.0198073,8.5534
24.0,121.0,2024-04-01,2024-06-28,88,51,26.598389,28.073673,25.327934,86.5047,3.0973966,6.3213453
24.0,120.0,2024-04-01,2024-06-28,88,51,28.324455,29.148457,27.672466,86.42773,4.5594354,5.7279925
24.0,121.0,2024-04-01,2024-06-29,89,51,26.613808,28.145962,25.301252,86.76003,3.0342453,7.089504
24.0,120.0,2024-04-01,2024-06-29,89,51,28.341562,29.229635,27.616264,86.63814,4.5429435,6.457711
23.0,121.0,2024-04-01,2024-06-29,89,51,26.673592,28.259272,25.349203,86.36936,2.1355495,8.803074
23.0,120.0,2024-04-01,2024-06-29,89,51,28.407621,29.334583,27.649786,86.24334,3.5319374,8.184155
23.0,120.0,2024-04-01,2024-06-30,90,51,28.427958,29.395733,27.720222,86.23352,3.5927033,8.742928
23.0,121.0,2024-04-01,2024-06-30,90,51,26.668554,28.254564,25.406355,86.454185,2.2079422,9.020935
24.0,120.0,2024-04-01,2024-06-30,90,51,28.391224,29.271269,27.715933,86.4917,4.4713874,6.368868
24.0,121.0,2024-04-01,2024-06-30,90,51,26.63813,28.135227,25.40425,86.710785,2.9780698,6.658212
24.0,121.0,2024-04-01,2024-07-01,91,51,26.657164,28.163038,25.399582,86.770164,2.9646308,6.3880186
24.0,120.0,2024-04-01,2024-07-01,91,51,28.442574,29.323095,27.747162,86.46529,4.341863,4.8723397
23.0,121.0,2024-04-01,2024-07-01,91,51,26.65118,28.32042,25.34549,86.419945,2.2398582,9.428413
23.0,120.0,2024-04-01,2024-07-01,91,51,28.44301,29.488377,27.699545,86.1123,3.5233872,7.911079
23.0,120.0,2024-04-01,2024-07-02,92,51,28.449326,29.462076,27.652298,85.9829,3.7631104,7.950802
23.0,121.0,2024-04-01,2024-07-02,92,51,26.629374,28.273222,25.287333,86.25431,2.37756,9.319461
24.0,121.0,2024-04-01,2024-07-02,92,51,26.67103,28.19002,25.373322,86.42851,2.917677,6.5315404
24.0,120.0,2024-04-01,2024-07-02,92,51,28.484337,29.377777,27.732103,86.1656,4.4297066,5.1631618
24.0,120.0,2024-04-01,2024-07-03,93,51,28.498978,29.50437,27.724733,86.01886,4.4365115,5.2805223
23.0,120.0,2024-04-01,2024-07-03,93,51,28.457329,29.576181,27.63372,85.95866,3.6901588,6.3059464
24.0,121.0,2024-04-01,2024-07-03,93,51,26.699837,28.255335,25.411163,86.17052,2.9098444,5.6386304
23.0,121.0,2024-04-01,2024-07-03,93,51,26.651527,28.330776,25.308365,86.11754,2.2592669,6.65932
24.0,121.0,2024-04-01,2024-07-04,94,51,26.741537,28.30228,25.433535,86.032906,2.8590314,8.16989
24.0,120.0,2024-04-01,2024-07-04,94,51,28.532173,29.483988,27.805664,85.87379,4.349661,6.324735
23.0,120.0,2024-04-01,2024-07-04,94,51,28.521807,29.580494,27.743698,85.61223,3.5417817,7.5050745
23.0,121.0,2024-04-01,2024-07-04,94,51,26.724691,28.399458,25.354542,85.775604,2.160594,9.35228
24.0,121.0,2024-04-01,2024-07-05,95,51,26.762892,28.346527,25.46708,86.03058,2.9125881,7.3704085
23.0,120.0,2024-04-01,2024-07-05,95,51,28.51305,29.591955,27.725002,85.61813,3.5905972,8.775988
24.0,120.0,2024-04-01,2024-07-05,95,51,28.509062,29.478674,27.759638,86.03433,4.2923145,7.5182385
23.0,121.0,2024-04-01,2024-07-05,95,51,26.760593,28.451857,25.43333,85.62417,2.2737315,8.617741
23.0,120.0,2024-04-01,2024-07-06,96,51,28.53048,29.587065,27.740292,85.32208,3.5012586,8.398343
24.0,121.0,2024-04-01,2024-07-06,96,51,26.68153,28.226936,25.364456,86.1126,2.5703251,6.166142
23.0,121.0,2024-04-01,2024-07-06,96,51,26.710638,28.378765,25.348522,85.55571,2.1417794,9.335305
24.0,120.0,2024-04-01,2024-07-06,96,51,28.49493,29.433512,27.762892,85.88303,4.029901,5.2253985
24.0,120.0,2024-04-01,2024-07-07,97,51,28.502394,29.446762,27.74742,85.790985,3.8800755,6.188212
23.0,120.0,2024-04-01,2024-07-07,97,51,28.489674,29.516224,27.716253,85.328156,3.3238668,8.909856
23.0,121.0,2024-04-01,2024-07-07,97,51,26.677275,28.292978,25.37036,85.63986,2.136232,9.030495
24.0,121.0,2024-04-01,2024-07-07,97,51,26.69656,28.228706,25.3976,86.10283,2.5727336,6.318286
23.0,120.0,2024-04-01,2024-07-08,98,51,28.497795,29.527567,27.738016,85.04084,3.3820899,9.119439
24.0,120.0,2024-04-01,2024-07-08,98,51,28.475626,29.395689,27.765388,85.64631,3.8067052,5.6601295
24.0,121.0,2024-04-01,2024-07-08,98,51,26.635008,28.102335,25.426336,86.12816,2.5215409,6.9464765
23.0,121.0,2024-04-01,2024-07-08,98,51,26.650434,28.219933,25.42089,85.52441,2.2198825,10.406166
24.0,121.0,2024-04-01,2024-07-09,99,51,26.658636,28.118164,25.458832,85.99576,2.478278,7.9554873
23.0,120.0,2024-04-01,2024-07-09,99,51,28.54896,29.52811,27.775036,84.983864,3.4783287,8.989179
24.0,120.0,2024-04-01,2024-07-09,99,51,28.545282,29.430868,27.837093,85.47926,3.8919134,5.5844913
23.0,121.0,2024-04-01,2024-07-09,99,51,26.655533,28.207644,25.415918,85.49548,2.0979424,11.366896
23.0,120.0,2024-04-01,2024-07-10,100,51,28.500677,29.54042,27.795475,85.37084,3.3435926,9.900861
23.0,121.0,2024-04-01,2024-07-10,100,51,26.663252,28.296526,25.423056,85.53207,2.096482,11.193443
24.0,121.0,2024-04-01,2024-07-10,100,51,26.645603,28.169113,25.44436,86.12768,2.4164972,8.607275
24.0,120.0,2024-04-01,2024-07-10,100,51,28.476404,29.407488,27.797646,85.96746,3.8234649,7.3098235
24.0,120.0,2024-04-01,2024-07-11,101,51,28.567915,29.533995,27.815546,85.92662,3.8842695,5.462841
23.0,121.0,2024-04-01,2024-07-11,101,51,26.588032,28.154055,25.320831,85.71975,2.1292233,9.649955
24.0,121.0,2024-04-01,2024-07-11,101,51,26.675276,28.206478,25.413706,86.156136,2.4532034,6.9353514
23.0,120.0,2024-04-01,2024-07-11,101,51,28.487776,29.479425,27.746227,85.47654,3.3640385,8.175895
23.0,121.0,2024-04-01,2024-07-12,102,51,26.607973,28.146881,25.342915,85.82959,1.9810287,7.3336554
24.0,120.0,2024-04-01,2024-07-12,102,51,28.568096,29.477495,27.859161,85.74509,3.7612808,4.91249
23.0,120.0,2024-04-01,2024-07-12,102,51,28.49872,29.432026,27.740557,85.3338,3.2135522,6.3274
24.0,121.0,2024-04-01,2024-07-12,102,51,26.684168,28.212986,25.456327,86.23609,2.35787,5.9195833
23.0,121.0,2024-04-01,2024-07-13,103,51,26.636623,28.156101,25.40129,85.79373,1.8274778,6.4974456
23.0,120.0,2024-04-01,2024-07-13,103,51,28.453592,29.433222,27.69285,85.41989,2.9335718,6.187632
24.0,120.0,2024-04-01,2024-07-13,103,51,28.499128,29.43606,27.735598,85.776115,3.4767046,4.6983905
24.0,121.0,2024-04-01,2024-07-13,103,51,26.688608,28.171896,25.467363,86.14847,2.1736665,5.0161085
24.0,121.0,2024-04-01,2024-07-14,104,51,26.646868,28.078718,25.40128,85.9953,2.022568,6.0033827
23.0,120.0,2024-04-01,2024-07-14,104,51,28.459639,29.559942,27.640154,85.2102,2.708017,6.4221945
23.0,121.0,2024-04-01,2024-07-14,104,51,26.622198,28.220634,25.32624,85.60715,1.7020044,7.736714
24.0,120.0,2024-04-01,2024-07-14,104,51,28.477697,29.400087,27.702915,85.602135,3.1291294,4.684495
24.0,120.0,2024-04-01,2024-07-15,105,51,28.572582,29.546515,27.818846,85.3806,3.2368834,3.6808257
23.0,121.0,2024-04-01,2024-07-15,105,51,26.679037,28.34008,25.375895,85.017265,1.6499859,7.3787246
23.0,120.0,2024-04-01,2024-07-15,105,51,28.549366,29.603798,27.793638,84.90763,2.7244568,5.7957363
24.0,121.0,2024-04-01,2024-07-15,105,51,26.708912,28.284807,25.437454,85.481255,2.0480318,5.2592053
23.0,120.0,2024-04-01,2024-07-16,106,51,28.535568,29.616762,27.76154,84.888374,2.8709369,8.020917
24.0,120.0,2024-04-01,2024-07-16,106,51,28.604485,29.539204,27.834461,85.20881,3.3649652,5.0077624
24.0,121.0,2024-04-01,2024-07-16,106,51,26.732565,28.236975,25.459455,85.37441,2.0871918,6.0411353
23.0,121.0,2024-04-01,2024-07-16,106,51,26.656944,28.3182,25.37911,85.06277,1.8362781,9.055974
23.0,121.0,2024-04-01,2024-07-17,107,51,26.570997,28.104626,25.399853,85.48682,2.0024807,11.531352
23.0,120.0,2024-04-01,2024-07-17,107,51,28.512619,29.496593,27.774519,85.046875,3.090338,9.884914
24.0,120.0,2024-04-01,2024-07-17,107,51,28.5633,29.563862,27.804005,85.61363,3.430468,6.4736
24.0,121.0,2024-04-01,2024-07-17,107,51,26.628738,28.165092,25.456985,86.04999,2.192717,8.11717
24.0,121.0,2024-04-01,2024-07-18,108,51,26.68223,28.202957,25.450464,85.904106,2.261367,6.297285
23.0,121.0,2024-04-01,2024-07-18,108,51,26.58496,28.112331,25.36219,85.4161,1.9611233,8.699135
23.0,120.0,2024-04-01,2024-07-18,108,51,28.509415,29.528723,27.747961,85.17738,2.9897583,7.907739
24.0,120.0,2024-04-01,2024-07-18,108,51,28.59963,29.623995,27.815664,85.66804,3.4673285,5.5068593
24.0,120.0,2024-04-01,2024-07-19,109,51,28.581356,29.545918,27.855028,85.664085,3.623478,5.1334496
24.0,121.0,2024-04-01,2024-07-19,109,51,26.635658,28.11839,25.448074,86.06441,2.3885014,8.982751
23.0,121.0,2024-04-01,2024-07-19,109,51,26.554554,28.056822,25.334145,85.54996,2.0869026,10.776564
23.0,120.0,2024-04-01,2024-07-19,109,51,28.507462,29.498262,27.766668,85.14711,3.0771883,6.9111824
24.0,121.0,2024-04-01,2024-07-20,110,51,26.660252,28.076006,25.51614,86.14855,2.3076034,11.62015
23.0,121.0,2024-04-01,2024-07-20,110,51,26.547647,28.005322,25.400457,85.928215,2.1858642,15.039127
23.0,120.0,2024-04-01,2024-07-20,110,51,28.460524,29.432802,27.71739,85.38703,3.3581688,11.262788
24.0,120.0,2024-04-01,2024-07-20,110,51,28.5661,29.486443,27.820597,85.62204,3.7350397,7.8547993
23.0,121.0,2024-04-01,2024-07-21,111,51,26.518473,27.984676,25.389318,86.43582,2.1635315,12.612214
23.0,120.0,2024-04-01,2024-07-21,111,51,28.4361,29.461329,27.707348,85.57332,3.3826985,9.269151
24.0,120.0,2024-04-01,2024-07-21,111,51,28.504126,29.424307,27.805742,85.88453,3.4644094,7.542925
24.0,121.0,2024-04-01,2024-07-21,111,51,26.59334,27.967852,25.515903,86.73807,2.1653748,10.876144
23.0,120.0,2024-04-01,2024-07-22,112,51,28.476568,29.536783,27.722534,85.53888,3.1256974,7.638982
24.0,120.0,2024-04-01,2024-07-22,112,51,28.534872,29.485754,27.789057,85.966675,3.2738214,5.8551946
24.0,121.0,2024-04-01,2024-07-22,112,51,26.554276,27.954048,25.38581,86.80346,2.000847,7.93516
23.0,121.0,2024-04-01,2024-07-22,112,51,26.48878,28.000443,25.309258,86.37674,1.9437319,9.725574
24.0,120.0,2024-04-01,2024-07-23,113,51,28.415854,29.34224,27.72145,86.19456,3.1433034,6.008156
24.0,121.0,2024-04-01,2024-07-23,113,51,26.472101,27.815845,25.415718,86.80691,1.9732703,8.9001875
23.0,121.0,2024-04-01,2024-07-23,113,51,26.45029,27.929884,25.293262,86.197334,1.9795744,10.933637
23.0,120.0,2024-04-01,2024-07-23,113,51,28.401178,29.457613,27.623148,85.582886,3.0260997,8.027169
24.0,121.0,2024-04-01,2024-07-24,114,51,26.454239,27.813755,25.426252,86.86205,2.0336199,10.7742605
23.0,121.0,2024-04-01,2024-07-24,114,51,26.382896,27.74743,25.33712,86.508026,2.1775017,13.1530285
23.0,120.0,2024-04-01,2024-07-24,114,51,28.292633,29.198692,27.6196,85.764046,3.308379,9.725218
24.0,120.0,2024-04-01,2024-07-24,114,51,28.357162,29.253756,27.711147,86.12315,3.2324512,7.358174
23.0,121.0,2024-04-01,2024-07-25,115,51,26.384296,27.899517,25.237726,86.35677,2.111241,10.205401
23.0,120.0,2024-04-01,2024-07-25,115,51,28.259172,29.242401,27.49643,85.653175,3.4055092,10.232214
24.0,120.0,2024-04-01,2024-07-25,115,51,28.382612,29.339067,27.650927,85.85118,3.4084802,7.2895875
24.0,121.0,2024-04-01,2024-07-25,115,51,26.51464,27.99219,25.369251,86.55153,1.9919012,7.2735248
23.0,120.0,2024-04-01,2024-07-26,116,51,28.276993,29.22461,27.59702,85.81799,3.3608303,9.013842
23.0,121.0,2024-04-01,2024-07-26,116,51,26.39751,27.85252,25.30316,86.37301,2.1415133,9.723536
24.0,121.0,2024-04-01,2024-07-26,116,51,26.517471,27.962137,25.410894,86.526924,2.1508186,7.146643
24.0,120.0,2024-04-01,2024-07-26,116,51,28.390274,29.330416,27.680965,85.96912,3.5433087,6.434094
24.0,120.0,2024-04-01,2024-07-27,117,51,28.35646,29.249195,27.663183,86.24668,3.6996765,8.136617
23.0,121.0,2024-04-01,2024-07-27,117,51,26.417564,27.791485,25.341785,86.8552,2.1132317,13.754574
24.0,121.0,2024-04-01,2024-07-27,117,51,26.520615,27.895615,25.450277,86.844376,2.360901,9.7377
23.0,120.0,2024-04-01,2024-07-27,117,51,28.259594,29.164305,27.576746,86.25019,3.396524,12.157072
24.0,121.0,2024-04-01,2024-07-28,118,51,26.569635,27.920382,25.504274,86.79718,2.5210614,12.29878
24.0,120.0,2024-04-01,2024-07-28,118,51,28.386108,29.26604,27.702505,86.14428,3.7784948,8.873568
23.0,120.0,2024-04-01,2024-07-28,118,51,28.283054,29.179724,27.61145,86.27016,3.3934317,13.71792
23.0,121.0,2024-04-01,2024-07-28,118,51,26.460258,27.812582,25.41747,86.93357,2.1162648,17.150679
24.0,121.0,2024-04-01,2024-07-29,119,51,26.513412,27.813026,25.478104,87.15741,2.593957,11.80216
23.0,120.0,2024-04-01,2024-07-29,119,51,28.302877,29.235594,27.627016,86.18695,3.4292428,12.452877
24.0,120.0,2024-04-01,2024-07-29,119,51,28.380701,29.233593,27.740837,86.241936,3.9289362,8.56374
23.0,121.0,2024-04-01,2024-07-29,119,51,26.429102,27.813915,25.355017,87.10533,2.1615746,15.701026
23.0,120.0,2024-04-01,2024-07-30,120,51,28.259567,29.17417,27.509243,86.49684,3.3696656,12.193185
24.0,121.0,2024-04-01,2024-07-30,120,51,26.514637,27.875113,25.442535,87.02754,2.640791,11.015967
23.0,121.0,2024-04-01,2024-07-30,120,51,26.41486,27.813696,25.301739,87.148926,2.102414,14.409669
24.0,120.0,2024-04-01,2024-07-30,120,51,28.352884,29.226368,27.632277,86.38792,3.9962497,8.802958
24.0,121.0,2024-04-01,2024-07-31,121,51,26.462929,27.763044,25.381947,87.24485,2.5670338,10.547002
24.0,120.0,2024-04-01,2024-07-31,121,51,28.28413,29.131464,27.583147,86.55578,4.0420513,9.205704
23.0,121.0,2024-04-01,2024-07-31,121,51,26.366766,27.709595,25.308954,87.25538,1.9122926,14.005254
23.0,120.0,2024-04-01,2024-07-31,121,51,28.194221,29.070978,27.504843,86.56088,3.36825,12.668443
24.0,120.0,2024-04-01,2024-08-01,122,51,28.22295,29.096054,27.555353,86.63653,3.7035124,7.2274036
24.0,121.0,2024-04-01,2024-08-01,122,51,26.430489,27.830114,25.340216,87.35007,2.30217,7.9211206
23.0,120.0,2024-04-01,2024-08-01,122,51,28.126661,28.979755,27.485428,86.62511,3.1375573,10.816107
23.0,121.0,2024-04-01,2024-08-01,122,51,26.328001,27.704844,25.281963,87.34672,1.7942364,11.499119
24.0,120.0,2024-04-01,2024-08-02,123,51,28.289711,29.21368,27.576565,86.40596,3.7748635,6.2880673
23.0,120.0,2024-04-01,2024-08-02,123,51,28.18775,29.128576,27.467133,86.43693,3.1311028,9.516699
24.0,121.0,2024-04-01,2024-08-02,123,51,26.48291,27.871798,25.3969,87.33445,2.356263,8.615563
23.0,121.0,2024-04-01,2024-08-02,123,51,26.374786,27.783798,25.323286,87.369545,1.7876219,11.844388
23.0,120.0,2024-04-01,2024-08-03,124,51,28.181433,29.14221,27.47213,86.40297,3.0751402,12.065336
23.0,121.0,2024-04-01,2024-08-03,124,51,26.366186,27.706549,25.355825,87.24864,1.8815869,15.738444
24.0,120.0,2024-04-01,2024-08-03,124,51,28.23707,29.104464,27.549257,86.43126,3.7648554,7.6514754
24.0,121.0,2024-04-01,2024-08-03,124,51,26.428127,27.677498,25.443872,87.26734,2.3788273,11.320067
24.0,121.0,2024-04-01,2024-08-04,125,51,26.44453,27.707193,25.47367,87.258766,2.5096545,9.352938
24.0,120.0,2024-04-01,2024-08-04,125,51,28.205578,29.062895,27.530615,86.42064,3.9430432,8.831418
23.0,121.0,2024-04-01,2024-08-04,125,51,26.336353,27.59005,25.349834,87.56354,1.8880453,16.305628
23.0,120.0,2024-04-01,2024-08-04,125,51,28.103405,28.945877,27.441135,86.71101,3.2411115,15.796365
23.0,121.0,2024-04-01,2024-08-05,126,51,26.288671,27.548473,25.286741,87.78722,2.2105315,18.966536
24.0,121.0,2024-04-01,2024-08-05,126,51,26.406843,27.684723,25.3895,87.26963,2.6817532,12.305377
23.0,120.0,2024-04-01,2024-08-05,126,51,28.091293,28.937572,27.437994,86.95165,3.7271972,16.3878
24.0,120.0,2024-04-01,2024-08-05,126,51,28.203264,29.041777,27.539759,86.452,4.327669,9.718141
23.0,121.0,2024-04-01,2024-08-06,127,51,26.36905,27.80713,25.266562,87.213264,2.1303606,16.95841
23.0,120.0,2024-04-01,2024-08-06,127,51,28.160412,29.043985,27.49832,86.62673,3.8201542,13.5492
24.0,121.0,2024-04-01,2024-08-06,127,51,26.461176,27.870079,25.364237,86.859146,2.7175872,12.560966
24.0,120.0,2024-04-01,2024-08-06,127,51,28.246431,29.098001,27.592304,86.28437,4.431437,9.152385
23.0,120.0,2024-04-01,2024-08-07,128,51,28.145433,29.041925,27.463642,87.065796,3.3995504,12.791267
23.0,121.0,2024-04-01,2024-08-07,128,51,26.384058,27.744946,25.301788,87.53922,1.9487152,15.0660305
24.0,120.0,2024-04-01,2024-08-07,128,51,28.223007,29.089245,27.540113,86.97492,4.081712,10.468263
24.0,121.0,2024-04-01,2024-08-07,128,51,26.467659,27.796154,25.390627,87.445564,2.5212824,12.743621
24.0,121.0,2024-04-01,2024-08-08,129,51,26.513973,27.899256,25.44808,87.1877,2.612774,12.288916
24.0,120.0,2024-04-01,2024-08-08,129,51,28.24341,29.110626,27.581568,86.86045,4.1305823,9.8562
23.0,121.0,2024-04-01,2024-08-08,129,51,26.401285,27.811384,25.347443,87.497665,1.9559596,15.098258
23.0,120.0,2024-04-01,2024-08-08,129,51,28.13665,29.03869,27.485867,87.16697,3.4435391,12.672109
24.0,121.0,2024-04-01,2024-08-09,130,51,26.516642,27.969896,25.414795,87.130585,2.5767882,9.587525
23.0,121.0,2024-04-01,2024-08-09,130,51,26.366333,27.788021,25.291924,87.4044,1.9932373,14.490835
23.0,120.0,2024-04-01,2024-08-09,130,51,28.121647,29.044254,27.446606,86.96011,3.4821308,12.115807
24.0,120.0,2024-04-01,2024-08-09,130,51,28.265821,29.20214,27.568506,86.699936,4.1373544,7.216947
23.0,121.0,2024-04-01,2024-08-10,131,51,26.29648,27.6521,25.257786,87.82985,1.8836625,15.28966
23.0,120.0,2024-04-01,2024-08-10,131,51,28.075771,28.955011,27.41875,87.17848,3.5655334,12.140367
24.0,120.0,2024-04-01,2024-08-10,131,51,28.218319,29.065926,27.559778,86.80331,4.056534,6.4012
24.0,121.0,2024-04-01,2024-08-10,131,51,26.445164,27.774065,25.426268,87.44427,2.439617,9.546494
23.0,120.0,2024-04-01,2024-08-11,132,51,28.109644,29.095242,27.388565,87.02017,3.5913663,12.344784
24.0,120.0,2024-04-01,2024-08-11,132,51,28.193544,29.055056,27.508345,86.803795,4.171271,9.425822
24.0,121.0,2024-04-01,2024-08-11,132,51,26.413765,27.740187,25.343113,87.59692,2.5133088,12.253449
23.0,121.0,2024-04-01,2024-08-11,132,51,26.323853,27.774694,25.226723,87.82338,1.9306282,15.175428
23.0,121.0,2024-04-01,2024-08-12,133,51,26.262375,27.571558,25.233452,87.85527,2.0364108,17.128141
24.0,120.0,2024-04-01,2024-08-12,133,51,28.090115,28.940937,27.386293,87.05141,4.1346426,9.98396
24.0,121.0,2024-04-01,2024-08-12,133,51,26.33001,27.614378,25.285484,87.74394,2.4317596,12.017187
23.0,120.0,2024-04-01,2024-08-12,133,51,28.028408,28.892046,27.35283,87.14883,3.646287,15.09924
24.0,120.0,2024-04-01,2024-08-13,134,51,28.01372,28.80699,27.347479,87.10968,3.546402,12.930669
24.0,121.0,2024-04-01,2024-08-13,134,51,26.24766,27.483185,25.26458,87.811325,2.0315228,13.758504
23.0,120.0,2024-04-01,2024-08-13,134,51,27.96059,28.860409,27.283514,86.9583,3.3666453,15.563736
23.0,121.0,2024-04-01,2024-08-13,134,51,26.188456,27.53273,25.194984,87.664764,1.9353274,16.377735
24.0,121.0,2024-04-01,2024-08-14,135,51,26.226904,27.51599,25.228222,87.85446,2.3865867,11.905937
23.0,120.0,2024-04-01,2024-08-14,135,51,27.969059,28.857414,27.314648,87.0811,3.3135343,14.193316
23.0,121.0,2024-04-01,2024-08-14,135,51,26.16994,27.53444,25.134182,88.01028,1.9556373,15.667645
24.0,120.0,2024-04-01,2024-08-14,135,51,28.01985,28.832373,27.40074,86.93614,3.6661026,10.4286785
23.0,120.0,2024-04-01,2024-08-15,136,51,28.028618,28.947765,27.35283,86.86295,3.4018836,12.211389
24.0,121.0,2024-04-01,2024-08-15,136,51,26.30666,27.590317,25.321005,87.439255,2.4557707,9.594507
24.0,120.0,2024-04-01,2024-08-15,136,51,28.12791,28.95754,27.492931,86.575485,3.830178,7.906051
23.0,121.0,2024-04-01,2024-08-15,136,51,26.201138,27.569693,25.174925,87.73704,1.9572295,13.897115
23.0,121.0,2024-04-01,2024-08-16,137,51,26.297934,27.766573,25.214231,87.24711,1.9141724,12.822336
24.0,120.0,2024-04-01,2024-08-16,137,51,28.070694,28.902641,27.393444,86.55266,4.2214403,7.457315
24.0,121.0,2024-04-01,2024-08-16,137,51,26.291296,27.64537,25.249975,87.22242,2.6621544,10.827327
23.0,120.0,2024-04-01,2024-08-16,137,51,28.083355,29.021322,27.38982,86.56995,3.3607202,9.44274
24.0,121.0,2024-04-01,2024-08-17,138,51,26.277014,27.54127,25.299278,87.54413,2.4378448,10.554818
23.0,121.0,2024-04-01,2024-08-17,138,51,26.253286,27.599981,25.22633,87.49203,1.7913967,12.354016
23.0,120.0,2024-04-01,2024-08-17,138,51,28.054468,29.00498,27.312479,86.757614,3.2239661,9.567779
24.0,120.0,2024-04-01,2024-08-17,138,51,28.072136,28.948156,27.371601,86.81743,3.931989,7.7724333
23.0,121.0,2024-04-01,2024-08-18,139,51,26.288961,27.691765,25.232996,87.2935,1.7121453,11.033709
23.0,120.0,2024-04-01,2024-08-18,139,51,28.082088,29.03971,27.361937,86.57664,2.9336395,9.82629
24.0,120.0,2024-04-01,2024-08-18,139,51,28.137442,29.05446,27.40366,86.73147,3.5412176,7.324378
24.0,121.0,2024-04-01,2024-08-18,139,51,26.350315,27.700117,25.327288,87.44514,2.2605097,8.536583
23.0,120.0,2024-04-01,2024-08-19,140,51,28.112513,29.11125,27.366987,86.467026,3.0682478,9.19738
24.0,120.0,2024-04-01,2024-08-19,140,51,28.155146,29.079578,27.42007,86.64174,3.8204114,5.8445673
24.0,121.0,2024-04-01,2024-08-19,140,51,26.371506,27.82405,25.247036,87.1359,2.458443,7.501392
23.0,121.0,2024-04-01,2024-08-19,140,51,26.32283,27.862875,25.169516,86.97006,1.7897623,10.853005
24.0,121.0,2024-04-01,2024-08-20,141,51,26.385288,27.772017,25.326212,87.28682,2.3738883,9.87738
23.0,121.0,2024-04-01,2024-08-20,141,51,26.312086,27.708324,25.283192,87.240486,1.8821167,12.42833
23.0,120.0,2024-04-01,2024-08-20,141,51,28.110176,29.037184,27.393675,86.48885,3.090433,9.513249
24.0,120.0,2024-04-01,2024-08-20,141,51,28.177084,29.09941,27.422974,86.543915,3.6703775,6.9692445
23.0,120.0,2024-04-01,2024-08-21,142,51,28.103075,29.041315,27.427124,86.80158,3.1845376,11.2902565
23.0,121.0,2024-04-01,2024-08-21,142,51,26.323042,27.700405,25.319315,87.395706,1.9207577,13.381177
24.0,120.0,2024-04-01,2024-08-21,142,51,28.19724,29.05938,27.548182,86.58495,3.7693768,7.2965784
24.0,121.0,2024-04-01,2024-08-21,142,51,26.423489,27.727377,25.447039,87.15921,2.4961066,9.391067
24.0,121.0,2024-04-01,2024-08-22,143,51,26.337408,27.68187,25.202862,87.55441,2.2289166,9.060384
24.0,120.0,2024-04-01,2024-08-22,143,51,28.153955,29.067978,27.422203,86.89955,3.4078126,7.5868206
23.0,121.0,2024-04-01,2024-08-22,143,51,26.265512,27.668488,25.149994,87.46743,1.8133153,12.175758
23.0,120.0,2024-04-01,2024-08-22,143,51,28.088388,29.04143,27.377752,86.811,2.9952173,10.701335
23.0,121.0,2024-04-01,2024-08-23,144,51,26.284834,27.719645,25.185644,87.147285,1.8291156,14.709988
24.0,121.0,2024-04-01,2024-08-23,144,51,26.332096,27.672306,25.272984,87.47434,2.2897193,10.41973
24.0,120.0,2024-04-01,2024-08-23,144,51,28.123232,29.037943,27.441576,86.90787,3.4432201,7.7839212
23.0,120.0,2024-04-01,2024-08-23,144,51,28.08231,29.089186,27.361242,86.57455,2.9052098,12.076735
24.0,121.0,2024-04-01,2024-08-24,145,51,26.33422,27.721777,25.30182,87.13721,2.6786098,10.528311
23.0,121.0,2024-04-01,2024-08-24,145,51,26.214542,27.668596,25.186934,87.215546,2.0853627,15.453506
23.0,120.0,2024-04-01,2024-08-24,145,51,28.07358,29.075695,27.380331,86.46461,3.2618248,11.614346
24.0,120.0,2024-04-01,2024-08-24,145,51,28.186657,29.122755,27.479609,86.4013,3.942613,6.6967416
23.0,121.0,2024-04-01,2024-08-25,146,51,26.17312,27.462818,25.229101,87.34022,2.2796266,16.46133
24.0,121.0,2024-04-01,2024-08-25,146,51,26.231962,27.535084,25.227499,87.475815,2.6101348,13.969037
24.0,120.0,2024-04-01,2024-08-25,146,51,28.09042,28.972977,27.4329,86.62249,4.076357,10.56588
23.0,120.0,2024-04-01,2024-08-25,146,51,28.037926,28.915474,27.435501,86.480576,3.5831344,13.052229
24.0,121.0,2024-04-01,2024-08-26,147,51,26.17323,27.475727,25.204584,87.145424,2.4892585,11.865749
24.0,120.0,2024-04-01,2024-08-26,147,51,28.007238,28.8524,27.36408,86.08801,4.0423717,9.641897
23.0,121.0,2024-04-01,2024-08-26,147,51,26.139988,27.541582,25.13824,87.31054,2.1132429,13.899836
23.0,120.0,2024-04-01,2024-08-26,147,51,27.980444,28.911709,27.32093,86.2266,3.6451077,11.668213
23.0,120.0,2024-04-01,2024-08-27,148,51,28.026115,29.03169,27.269163,85.85997,3.1871765,10.34222
23.0,121.0,2024-04-01,2024-08-27,148,51,26.22516,27.775051,25.066343,86.89261,1.9828421,11.053567
24.0,120.0,2024-04-01,2024-08-27,148,51,27.997293,28.860455,27.313385,86.03894,3.755452,7.8334265
24.0,121.0,2024-04-01,2024-08-27,148,51,26.202694,27.607403,25.132223,87.050934,2.4610944,8.545392
24.0,121.0,2024-04-01,2024-08-28,149,51,26.14814,27.555128,25.071,86.88769,2.1818156,9.251981
24.0,120.0,2024-04-01,2024-08-28,149,51,28.003002,28.964996,27.263634,85.89002,3.418162,7.826825
23.0,120.0,2024-04-01,2024-08-28,149,51,27.94847,28.855772,27.264471,86.24542,2.965303,11.01295
23.0,121.0,2024-04-01,2024-08-28,149,51,26.086884,27.44371,25.057714,87.261154,1.8197662,12.443458
23.0,121.0,2024-04-01,2024-08-29,150,51,26.01836,27.486471,24.931818,86.867775,1.7045612,11.373698
23.0,120.0,2024-04-01,2024-08-29,150,51,27.90891,28.863039,27.19568,85.847305,2.793762,9.650469
24.0,120.0,2024-04-01,2024-08-29,150,51,27.896927,28.784237,27.200918,85.78035,3.24788,7.1932096
24.0,121.0,2024-04-01,2024-08-29,150,51,26.013063,27.42161,24.940832,86.77171,2.0500913,8.914568
23.0,120.0,2024-04-01,2024-08-30,151,51,27.948977,29.023079,27.19736,85.22458,2.902393,10.3373
23.0,121.0,2024-04-01,2024-08-30,151,51,26.021843,27.566368,24.933819,86.33687,1.8137312,13.057677
24.0,121.0,2024-04-01,2024-08-30,151,51,26.062996,27.518427,25.00986,86.159355,2.0873666,9.357447
24.0,120.0,2024-04-01,2024-08-30,151,51,27.983414,28.970098,27.259378,85.09084,3.2823532,6.6506886
24.0,120.0,2024-04-01,2024-08-31,152,51,27.876495,28.810171,27.14165,85.42423,3.6233954,9.128573
24.0,121.0,2024-04-01,2024-08-31,152,51,25.996712,27.371458,24.94454,86.4487,2.2850296,10.400522
23.0,121.0,2024-04-01,2024-08-31,152,51,26.001436,27.464424,24.902763,86.42071,2.0193284,13.800974
23.0,120.0,2024-04-01,2024-08-31,152,51,27.887678,28.87393,27.131075,85.36329,3.1947253,12.524895
